Link Name,Center of Mass X,Center of Mass Y,Center of Mass Z,Center of Mass Roll,Center of Mass Pitch,Center of Mass Yaw,Mass,Moment Ixx,Moment Ixy,Moment Ixz,Moment Iyy,Moment Iyz,Moment Izz,Visual X,Visual Y,Visual Z,Visual Roll,Visual Pitch,Visual Yaw,Mesh Filename,Color Red,Color Green,Color Blue,Color Alpha,Collision X,Collision Y,Collision Z,Collision Roll,Collision Pitch,Collision Yaw,Collision Mesh Filename,Material Name,SW Components,Coordinate System,Axis Name,Joint Name,Joint Type,Joint Origin X,Joint Origin Y,Joint Origin Z,Joint Origin Roll,Joint Origin Pitch,Joint Origin Yaw,Parent,Joint Axis X,Joint Axis Y,Joint Axis Z,Limit Effort,Limit Velocity,Limit Lower,Limit Upper,Calibration rising,Calibration falling,Dynamics Damping,Dynamics Friction,Safety Soft Upper,Safety Soft Lower,Safety K Position,Safety K Velocity
pelvis,0.0001,0,0.0044,0,0,0,3.4083,0.0095,0,0,0.0056,0,0.0094,0,0,0,0,0,0,package://SR-URDF 0410-02/meshes/pelvis.STL,0.75294,0.75294,0.75294,1,0,0,0,0,0,0,package://SR-URDF 0410-02/meshes/pelvis.STL,,WAIST-1,Frame base,,,,0,0,0,0,0,0,,0,0,0,,,,,,,,,,,,
link_wy,0.0061,0.0003,0.1879,0,0,0,9.8779,0.1556,0,-0.0015,0.1368,0,0.0457,0,0,0,0,0,0,package://SR-URDF 0410-02/meshes/link_wy.STL,0.75294,0.75294,0.75294,1,0,0,0,0,0,0,package://SR-URDF 0410-02/meshes/link_wy.STL,,trunk-1,Frame waist,waist,joint_wy,revolute,0,0,0.0619,0,0,0,pelvis,0,0,1,0,0,-2.79,2.79,,,,,,,,
link_ra1,0.0032,-0.0422,-0.0117,0,0,0,0.8976,0.001,0,0,0.0007,-0.0001,0.0009,0,0,0,0,0,0,package://SR-URDF 0410-02/meshes/link_ra1.STL,0.75294,0.75294,0.75294,1,0,0,0,0,0,0,package://SR-URDF 0410-02/meshes/link_ra1.STL,,R1-1,Frame r1,r1,joint_ra1,revolute,0,-0.11963,0.3208,0,0,0,link_wy,0,0.99255,-0.12187,0,0,-2.88,2.88,,,,,,,,
link_ra2,-0.0005,-0.0016,-0.0678,0,0,0,0.7868,0.0012,0,0,0.0013,0,0.0007,0,0,0,0,0,0,package://SR-URDF 0410-02/meshes/link_ra2.STL,0.75294,0.75294,0.75294,1,0,0,0,0,0,0,package://SR-URDF 0410-02/meshes/link_ra2.STL,,R2-1,Frame r2,r2,joint_ra2,revolute,0,-0.047187,-0.013786,0,0,0,link_ra1,1,0,0,0,0,-2.2515,0.175,,,,,,,,
link_ra3,0.0035415,0.0007384,-0.044591,0,0,0,0.3593,0.0009,0,0.0001,0.0008,0,0.0005,0,0,0,0,0,0,package://SR-URDF 0410-02/meshes/link_ra3.STL,0.75294,0.75294,0.75294,1,0,0,0,0,0,0,package://SR-URDF 0410-02/meshes/link_ra3.STL,,R3-1,Frame r3,r3,joint_ra3,revolute,0,0,-0.1171,0,0,0,link_ra2,0,0,1,0,0,-2.618,2.618,,,,,,,,
link_ra4,0.0447,0.0015,-0.0087,0,0,0,1.48,0.0012,0.0001,0.0006,0.0046,0,0.0044,0,0,0,0,0,0,package://SR-URDF 0410-02/meshes/link_ra4.STL,0.75294,0.75294,0.75294,1,0,0,0,0,0,0,package://SR-URDF 0410-02/meshes/link_ra4.STL,,R4-1,Frame r4,r4,joint_ra4,revolute,0.01924,0,-0.0979,0,0,0,link_ra3,0,1,0,0,0,-0.96,2.0944,,,,,,,,
link_ra5,0.025808,-0.0001686,0.00074876,0,0,0,0.27279,0.0002,0,0,0.0003,0,0.0003,0,0,0,0,0,0,package://SR-URDF 0410-02/meshes/link_ra5.STL,0.75294,0.75294,0.75294,1,0,0,0,0,0,0,package://SR-URDF 0410-02/meshes/link_ra5.STL,,R5-1,Frame r5,r5,joint_ra5,revolute,0.138,0,-0.017415,0,0,0,link_ra4,1,0,0,0,0,-2.618,2.618,,,,,,,,
link_la1,0.0033,0.0422,-0.0117,0,0,0,0.8939,0.001,0,0,0.0007,0.0001,0.0009,0,0,0,0,0,0,package://SR-URDF 0410-02/meshes/link_la1.STL,0.75294,0.75294,0.75294,1,0,0,0,0,0,0,package://SR-URDF 0410-02/meshes/link_la1.STL,,L1-1,Frame l1,l1,joint_la1,revolute,0,0.11963,0.3208,0,0,0,link_wy,0,0.99255,-0.12187,0,0,-2.88,2.88,,,,,,,,
link_la2,-0.0006,0.0016,-0.0673,0,0,0,0.7787,0.0012,0,0,0.0013,0,0.0007,0,0,0,0,0,0,package://SR-URDF 0410-02/meshes/link_la2.STL,0.75294,0.75294,0.75294,1,0,0,0,0,0,0,package://SR-URDF 0410-02/meshes/link_la2.STL,,L2-1,Frame l2,l2,joint_la2,revolute,0,0.047187,-0.013786,0,0,0,link_la1,1,0,0,0,0,-0.175,2.2515,,,,,,,,
link_la3,0.0035409,-0.00073964,-0.044592,0,0,0,0.35928,0.0009,0,0.0001,0.0008,0,0.0005,0,0,0,0,0,0,package://SR-URDF 0410-02/meshes/link_la3.STL,0.75294,0.75294,0.75294,1,0,0,0,0,0,0,package://SR-URDF 0410-02/meshes/link_la3.STL,,L3-1,Frame l3,l3,joint_la3,revolute,0,0,-0.1171,0,0,0,link_la2,0,0,1,0,0,-2.618,2.618,,,,,,,,
link_la4,0.0447,-0.0015,-0.0086458,0,0,0,1.48,0.0012,0.0001,0.0006,0.0046,0,0.0044,0,0,0,0,0,0,package://SR-URDF 0410-02/meshes/link_la4.STL,0.75294,0.75294,0.75294,1,0,0,0,0,0,0,package://SR-URDF 0410-02/meshes/link_la4.STL,,L4-1,Frame l4,l4,joint_la4,revolute,0.01924,0,-0.0979,0,0,0,link_la3,0,1,0,0,0,-0.96,2.0944,,,,,,,,
link_la5,0.025808,0.00016898,0.00074869,0,0,0,0.2728,0.0002,0,0,0.0003,0,0.0003,0,0,0,0,0,0,package://SR-URDF 0410-02/meshes/link_la5.STL,0.75294,0.75294,0.75294,1,0,0,0,0,0,0,package://SR-URDF 0410-02/meshes/link_la5.STL,,L5-1,Frame l5,l5,joint_la5,revolute,0.138,0,-0.017415,0,0,0,link_la4,1,0,0,0,0,-2.618,2.618,,,,,,,,
link_hy,0.0079,-0.0004,0.0262,0,0,0,0.7987,0.0017,0,0,0.0022,0,0.0017,0,0,0,0,0,0,package://SR-URDF 0410-02/meshes/link_hy.STL,0.75294,0.75294,0.75294,1,0,0,0,0,0,0,package://SR-URDF 0410-02/meshes/link_hy.STL,,head-1,Frame neck,neck,joint_hy,revolute,0,0,0.4889,0,0,0,link_wy,0,0,1,0,0,-0.6981,0.6981,,,,,,,,
LINK_HIP_PITCH_R,-0.0002,-0.0492,-0.0399,0,0,0,1.5089,0.002,0,0,0.0016,-0.0003,0.0014,0,0,0,0,0,0,package://SR-URDF 0410-02/meshes/LINK_HIP_PITCH_R.STL,0.75294,0.75294,0.75294,1,0,0,0,0,0,0,package://SR-URDF 0410-02/meshes/LINK_HIP_PITCH_R.STL,,leg pitch r-1,Frame hip pitch r,hip pitch r,JOINT_HIP_PITCH_R,revolute,0,-0.06875,0,0,0,0,pelvis,0,1,0,0,0,-2.7925,2.7925,,,,,,,,
LINK_HIP_ROLL_R,0.0069,0.0029,-0.0869,0,0,0,1.9215,0.0035,0,-0.0007,0.0036,0,0.0026,0,0,0,0,0,0,package://SR-URDF 0410-02/meshes/LINK_HIP_ROLL_R.STL,0.75294,0.75294,0.75294,1,0,0,0,0,0,0,package://SR-URDF 0410-02/meshes/LINK_HIP_ROLL_R.STL,,leg roll r-1,Frame hip roll r,hip roll r,JOINT_HIP_ROLL_R,revolute,0,-0.053724,-0.045579,0,0,0,LINK_HIP_PITCH_R,1,0,0,0,0,-2.967,0.524,,,,,,,,
LINK_HIP_YAW_R,-0.0212,0.0102,-0.0829,0,0,0,1.2314,0.0048,0.0001,-0.0012,0.0052,0.0002,0.0027,0,0,0,0,0,0,package://SR-URDF 0410-02/meshes/LINK_HIP_YAW_R.STL,0.75294,0.75294,0.75294,1,0,0,0,0,0,0,package://SR-URDF 0410-02/meshes/LINK_HIP_YAW_R.STL,,leg yaw r-1,Frame hip yaw r,hip yaw r,JOINT_HIP_YAW_R,revolute,-0.00050599,0.0029213,-0.12555,0,0,0,LINK_HIP_ROLL_R,0,0,1,0,0,-2.7925,2.7925,,,,,,,,
LINK_KNEE_PITCH_R,0.0009,0.0009,-0.101,0,0,0,3.7292,0.0406,0,0.0004,0.0412,-0.0003,0.0064,0,0,0,0,0,0,package://SR-URDF 0410-02/meshes/LINK_KNEE_PITCH_R.STL,0.75294,0.75294,0.75294,1,0,0,0,0,0,0,package://SR-URDF 0410-02/meshes/LINK_KNEE_PITCH_R.STL,,keen r-1,Frame knee r,knee r,JOINT_KNEE_PITCH_R,revolute,-0.052111,0,-0.13729,0,0,0,LINK_HIP_YAW_R,0,1,0,0,0,0,2.653,,,,,,,,
LINK_ANKLE_PITCH_R,0.0009,0,-0.0083,0,0,0,0.048544,0,0,0,0,0,0,0,0,0,0,0,0,package://SR-URDF 0410-02/meshes/LINK_ANKLE_PITCH_R.STL,0.75294,0.75294,0.75294,1,0,0,0,0,0,0,package://SR-URDF 0410-02/meshes/LINK_ANKLE_PITCH_R.STL,,ankle pitch r-1,Frame ankle pitch r,ankle pitch r,JOINT_ANKLE_PITCH_R,revolute,0,0,-0.34,0,0,0,LINK_KNEE_PITCH_R,0,1,0,0,0,-0.873,0.524,,,,,,,,
LINK_ANKLE_ROLL_R,0.041294,-0.0010615,-0.031752,0,0,0,0.70183,0.0004,0,0.0001,0.0023,0,0.0024,0,0,0,0,0,0,package://SR-URDF 0410-02/meshes/LINK_ANKLE_ROLL_R.STL,0.75294,0.75294,0.75294,1,0,0,0,0,0,0,package://SR-URDF 0410-02/meshes/LINK_ANKLE_ROLL_R.STL,,ankle roll r-1,Frame ankle roll r,ankle roll r,JOINT_ANKLE_ROLL_R,revolute,0,0,-0.018,0,0,0,LINK_ANKLE_PITCH_R,1,0,0,0,0,-0.262,0.262,,,,,,,,
LINK_HIP_PITCH_L,-0.0002,0.0495,-0.0399,0,0,0,1.5089,0.002,0,0,0.0016,0.0003,0.0014,0,0,0,0,0,0,package://SR-URDF 0410-02/meshes/LINK_HIP_PITCH_L.STL,1,1,1,1,0,0,0,0,0,0,package://SR-URDF 0410-02/meshes/LINK_HIP_PITCH_L.STL,,leg pitch l-1,Frame hip pitch l,hip pitch l,JOINT_HIP_PITCH_L,revolute,0,0.06875,0,0,0,0,pelvis,0,1,0,0,0,-2.7925,2.7925,,,,,,,,
LINK_HIP_ROLL_L,0.0066,-0.0001,-0.0869,0,0,0,1.9215,0.0035,0,-0.0007,0.0036,0,0.0026,0,0,0,0,0,0,package://SR-URDF 0410-02/meshes/LINK_HIP_ROLL_L.STL,0.75294,0.75294,0.75294,1,0,0,0,0,0,0,package://SR-URDF 0410-02/meshes/LINK_HIP_ROLL_L.STL,,leg roll l-1,Frame hip roll l,hip roll l,JOINT_HIP_ROLL_L,revolute,0,0.053724,-0.045579,0,0,0,LINK_HIP_PITCH_L,1,0,0,0,0,-0.524,2.967,,,,,,,,
LINK_HIP_YAW_L,-0.0188,-0.0041,-0.0763,0,0,0,0.9002,0.0036,-0.0001,-0.0009,0.0038,-0.0001,0.002,0,0,0,0,0,0,package://SR-URDF 0410-02/meshes/LINK_HIP_YAW_L.STL,0.75294,0.75294,0.75294,1,0,0,0,0,0,0,package://SR-URDF 0410-02/meshes/LINK_HIP_YAW_L.STL,,leg yaw l-1,Frame hip yaw l,hip yaw l,JOINT_HIP_YAW_L,revolute,-0.00084052,0,-0.1255,0,0,0,LINK_HIP_ROLL_L,0,0,1,0,0,-2.7925,2.7925,,,,,,,,
LINK_KNEE_PITCH_L,0.0009,-0.0007,-0.101,0,0,0,3.7275,0.0406,0,0.0004,0.0412,0.0004,0.0064,0,0,0,0,0,0,package://SR-URDF 0410-02/meshes/LINK_KNEE_PITCH_L.STL,0.75294,0.75294,0.75294,1,0,0,0,0,0,0,package://SR-URDF 0410-02/meshes/LINK_KNEE_PITCH_L.STL,,keen l-1,Frame knee l,knee l,JOINT_KNEE_PITCH_L,revolute,-0.052111,0,-0.13729,0,0,0,LINK_HIP_YAW_L,0,1,0,0,0,0,2.653,,,,,,,,
LINK_ANKLE_PITCH_L,0.00094063,5.0401E-07,-0.0083154,0,0,0,0.048544,0,0,0,0,0,0,0,0,0,0,0,0,package://SR-URDF 0410-02/meshes/LINK_ANKLE_PITCH_L.STL,0.75294,0.75294,0.75294,1,0,0,0,0,0,0,package://SR-URDF 0410-02/meshes/LINK_ANKLE_PITCH_L.STL,,ankle pitch l-1,Frame ankle pitch l,ankle pitch l,JOINT_ANKLE_PITCH_L,revolute,0,0,-0.34,0,0,0,LINK_KNEE_PITCH_L,0,1,0,0,0,-0.873,0.524,,,,,,,,
LINK_ANKLE_ROLL_L,0.041316,0.00048241,-0.031752,0,0,0,0.7019,0.0004,0,0.0001,0.0023,0,0.0024,0,0,0,0,0,0,package://SR-URDF 0410-02/meshes/LINK_ANKLE_ROLL_L.STL,0.75294,0.75294,0.75294,1,0,0,0,0,0,0,package://SR-URDF 0410-02/meshes/LINK_ANKLE_ROLL_L.STL,,ankle roll l-1,Frame ankle roll l,ankle roll l,JOINT_ANKLE_ROLL_L,revolute,0,0,-0.018,0,0,0,LINK_ANKLE_PITCH_L,1,0,0,0,0,-0.262,0.262,,,,,,,,
